-- ─── SEED DATA ───────────────────────────────────────────────────────────────

-- ─── COACH ───────────────────────────────────────────────────────────────────

INSERT INTO users (user_id, name, email, hashed_password, role, phone, location) VALUES
(
    'a0000000-0000-0000-0000-000000000001',
    'Alex Rivera',
    'alex@greenfuzzyball.com',
    '$2b$12$Zkbob6MlOEOXWeusGg57humpXjf9u7XPQp6i3HRBeGojNGQtPNwoS',
    'coach',
    '+1 713 555 0101',
    'Houston, TX'
);

INSERT INTO coaches (user_id, notes, availability_start, availability_end, session_duration, coaching_days, notification_preferences) VALUES
(
    'a0000000-0000-0000-0000-000000000001',
    '10 years coaching experience. Specializes in juniors and competitive adults.',
    '00:00',
    '23:59',
    '[60, 90]',
    '["Monday", "Tuesday", "Wednesday", "Thursday", "Friday", "Saturday", "Sunday"]',
    '{"session_booked": true, "session_reminder": true, "weekly_summary": false}'
);

-- ─── STUDENTS ────────────────────────────────────────────────────────────────

INSERT INTO users (user_id, name, email, role, phone) VALUES
('b0000000-0000-0000-0000-000000000001', 'Maria Chen',    'maria@email.com',   'student', '+1 713 555 0102'),
('b0000000-0000-0000-0000-000000000002', 'Leo Park',      'leo@email.com',     'student', '+1 713 555 0103'),
('b0000000-0000-0000-0000-000000000003', 'Ana Ruiz',      'ana@email.com',     'student', '+1 713 555 0104'),
('b0000000-0000-0000-0000-000000000004', 'Tom Walker',    'tom@email.com',     'student', '+1 713 555 0105'),
('b0000000-0000-0000-0000-000000000005', 'Priya Sharma',  'priya@email.com',   'student', '+1 713 555 0106'),
('b0000000-0000-0000-0000-000000000006', 'Sam Johnson',   'sam@email.com',     'student', NULL),
('b0000000-0000-0000-0000-000000000007', 'Emma Davis',    NULL,                'student', NULL),
('b0000000-0000-0000-0000-000000000008', 'Jake Wilson',   NULL,                'student', NULL);

INSERT INTO students (user_id, age_group, level, notes) VALUES
('b0000000-0000-0000-0000-000000000001', 'adults',   'advanced',     'Very consistent baseline player. Working on net game.'),
('b0000000-0000-0000-0000-000000000002', 'adults',   'intermediate', 'Strong forehand. Backhand needs work.'),
('b0000000-0000-0000-0000-000000000003', 'adults',   'intermediate', 'Good movement. Needs to work on serve consistency.'),
('b0000000-0000-0000-0000-000000000004', 'adults',   'beginner',     'New to tennis. Very eager to learn.'),
('b0000000-0000-0000-0000-000000000005', 'adults',   'advanced',     'Former college player returning to the game.'),
('b0000000-0000-0000-0000-000000000006', 'kids',     'beginner',     'Age 10. Great attitude and coordination.'),
('b0000000-0000-0000-0000-000000000007', 'kids',     'intermediate', 'Age 13. Competing in junior tournaments.'),
('b0000000-0000-0000-0000-000000000008', 'veterans', 'beginner',     'Age 65. Playing for fitness and fun.');

-- ─── LINK STUDENTS TO COACH ──────────────────────────────────────────────────

INSERT INTO coach_students (coach_id, student_id, started_at) VALUES
('a0000000-0000-0000-0000-000000000001', 'b0000000-0000-0000-0000-000000000001', '2026-01-10'),
('a0000000-0000-0000-0000-000000000001', 'b0000000-0000-0000-0000-000000000002', '2026-01-15'),
('a0000000-0000-0000-0000-000000000001', 'b0000000-0000-0000-0000-000000000003', '2026-02-01'),
('a0000000-0000-0000-0000-000000000001', 'b0000000-0000-0000-0000-000000000004', '2026-02-15'),
('a0000000-0000-0000-0000-000000000001', 'b0000000-0000-0000-0000-000000000005', '2026-03-01'),
('a0000000-0000-0000-0000-000000000001', 'b0000000-0000-0000-0000-000000000006', '2026-03-10'),
('a0000000-0000-0000-0000-000000000001', 'b0000000-0000-0000-0000-000000000007', '2026-04-01'),
('a0000000-0000-0000-0000-000000000001', 'b0000000-0000-0000-0000-000000000008', '2026-04-15');

-- ─── DRILLS ──────────────────────────────────────────────────────────────────
INSERT INTO drills (drill_id, coach_id, name, description) VALUES
('c0000000-0000-0000-0000-000000000001', NULL, 'Flat Serve Reps',           '30 serves to deuce court, tracking consistency'),
('c0000000-0000-0000-0000-000000000002', NULL, 'Toss Consistency',          'Catch-toss without hitting, 20 reps'),
('c0000000-0000-0000-0000-000000000003', NULL, 'Cross Court Forehand',      'Rally cross court from deuce side, 50 balls'),
('c0000000-0000-0000-0000-000000000004', NULL, 'Inside Out Forehand',       'Run around backhand and hit inside out forehand'),
('c0000000-0000-0000-0000-000000000005', NULL, 'Two Handed Backhand Drive', 'Drive backhand down the line, 40 balls'),
('c0000000-0000-0000-0000-000000000006', NULL, 'Slice Backhand',            'Low slice backhand, stay low through contact'),
('c0000000-0000-0000-0000-000000000007', NULL, 'Reaction Volley',           'Rapid net feeds, quick hands reaction drill'),
('c0000000-0000-0000-0000-000000000008', NULL, 'Half Volley Touch',         'Soft hands at the T, half volley placement'),
('c0000000-0000-0000-0000-000000000009', NULL, 'Ladder Drill',              'Quick feet agility ladder, 3 rounds'),
('c0000000-0000-0000-0000-000000000010', NULL, 'Spider Drill',              'Run to each corner of the court and back to center');

-- ─── LINK DRILLS TO CATEGORIES ───────────────────────────────────────────────

INSERT INTO drill_drill_categories (drill_id, drill_category_id)
SELECT 'c0000000-0000-0000-0000-000000000001', drill_category_id FROM drill_categories WHERE name = 'Serve' AND coach_id IS NULL;
INSERT INTO drill_drill_categories (drill_id, drill_category_id)
SELECT 'c0000000-0000-0000-0000-000000000002', drill_category_id FROM drill_categories WHERE name = 'Serve' AND coach_id IS NULL;
INSERT INTO drill_drill_categories (drill_id, drill_category_id)
SELECT 'c0000000-0000-0000-0000-000000000003', drill_category_id FROM drill_categories WHERE name = 'Forehand' AND coach_id IS NULL;
INSERT INTO drill_drill_categories (drill_id, drill_category_id)
SELECT 'c0000000-0000-0000-0000-000000000004', drill_category_id FROM drill_categories WHERE name = 'Forehand' AND coach_id IS NULL;
INSERT INTO drill_drill_categories (drill_id, drill_category_id)
SELECT 'c0000000-0000-0000-0000-000000000005', drill_category_id FROM drill_categories WHERE name = 'Backhand' AND coach_id IS NULL;
INSERT INTO drill_drill_categories (drill_id, drill_category_id)
SELECT 'c0000000-0000-0000-0000-000000000006', drill_category_id FROM drill_categories WHERE name = 'Backhand' AND coach_id IS NULL;
INSERT INTO drill_drill_categories (drill_id, drill_category_id)
SELECT 'c0000000-0000-0000-0000-000000000007', drill_category_id FROM drill_categories WHERE name = 'Volley' AND coach_id IS NULL;
INSERT INTO drill_drill_categories (drill_id, drill_category_id)
SELECT 'c0000000-0000-0000-0000-000000000008', drill_category_id FROM drill_categories WHERE name = 'Volley' AND coach_id IS NULL;
INSERT INTO drill_drill_categories (drill_id, drill_category_id)
SELECT 'c0000000-0000-0000-0000-000000000009', drill_category_id FROM drill_categories WHERE name = 'Footwork' AND coach_id IS NULL;
INSERT INTO drill_drill_categories (drill_id, drill_category_id)
SELECT 'c0000000-0000-0000-0000-000000000010', drill_category_id FROM drill_categories WHERE name = 'Footwork' AND coach_id IS NULL;

-- ─── COURTS ──────────────────────────────────────────────────────────────────

INSERT INTO courts (court_id, name, city, area) VALUES
('e0000000-0000-0000-0000-000000000001', 'Memorial Park Tennis Center', 'Houston', 'Memorial'),
('e0000000-0000-0000-0000-000000000002', 'Westside Tennis Club',        'Houston', 'Westside'),
('e0000000-0000-0000-0000-000000000003', 'River Oaks Country Club',     'Houston', 'River Oaks'),
('e0000000-0000-0000-0000-000000000004', 'Hermann Park Courts',         'Houston', 'Museum District'),
('e0000000-0000-0000-0000-000000000005', 'Fonde Recreation Center',     'Houston', 'Midtown'),
('e0000000-0000-0000-0000-000000000006', 'Houston Racquet Club',        'Houston', 'Greenway Plaza'),
('e0000000-0000-0000-0000-000000000007', 'Westbury Tennis Club',        'Houston', 'Westbury'),
('e0000000-0000-0000-0000-000000000008', 'T-Bar M Racquet Club',        'Houston', 'Memorial'),
('e0000000-0000-0000-0000-000000000009', 'Gus Wortham Park Courts',     'Houston', 'East End'),
('e0000000-0000-0000-0000-000000000010', 'Greenway Plaza Tennis',       'Houston', 'Greenway Plaza');

-- ─── LINK ALEX TO COURTS ─────────────────────────────────────────────────────

INSERT INTO coach_courts (coach_id, court_id) VALUES
('a0000000-0000-0000-0000-000000000001', 'e0000000-0000-0000-0000-000000000001'),
('a0000000-0000-0000-0000-000000000001', 'e0000000-0000-0000-0000-000000000002'),
('a0000000-0000-0000-0000-000000000001', 'e0000000-0000-0000-0000-000000000003'),
('a0000000-0000-0000-0000-000000000001', 'e0000000-0000-0000-0000-000000000004'),
('a0000000-0000-0000-0000-000000000001', 'e0000000-0000-0000-0000-000000000005');

-- ─── SESSIONS ────────────────────────────────────────────────────────────────

INSERT INTO sessions (session_id, coach_id, court_id, date, start_time, duration_minutes, type, notes) VALUES
('d0000000-0000-0000-0000-000000000001', 'a0000000-0000-0000-0000-000000000001', 'e0000000-0000-0000-0000-000000000001', '2026-06-01', '10:00', 60,  'private', 'Good session. Maria improving on net.'),
('d0000000-0000-0000-0000-000000000002', 'a0000000-0000-0000-0000-000000000001', 'e0000000-0000-0000-0000-000000000002', '2026-06-03', '14:30', 90,  'group',   'Group session adults. Focused on baseline.'),
('d0000000-0000-0000-0000-000000000003', 'a0000000-0000-0000-0000-000000000001', 'e0000000-0000-0000-0000-000000000001', '2026-06-05', '09:00', 60,  'private', 'Tom first real session. Very enthusiastic.'),
('d0000000-0000-0000-0000-000000000004', 'a0000000-0000-0000-0000-000000000001', 'e0000000-0000-0000-0000-000000000004', '2026-06-08', '11:00', 90,  'group',   'Kids session. Emma and Sam worked on footwork.'),
('d0000000-0000-0000-0000-000000000005', 'a0000000-0000-0000-0000-000000000001', 'e0000000-0000-0000-0000-000000000003', '2026-06-10', '15:00', 60,  'private', 'Priya serve session. Big improvement.'),
('d0000000-0000-0000-0000-000000000006', 'a0000000-0000-0000-0000-000000000001', 'e0000000-0000-0000-0000-000000000002', '2026-06-12', '10:00', 120, 'group',   'Advanced group. Maria and Priya match play.'),
('d0000000-0000-0000-0000-000000000007', 'a0000000-0000-0000-0000-000000000001', 'e0000000-0000-0000-0000-000000000001', '2026-06-15', '16:00', 60,  'private', 'Leo backhand session. Slice looking better.'),
('d0000000-0000-0000-0000-000000000008', 'a0000000-0000-0000-0000-000000000001', 'e0000000-0000-0000-0000-000000000005', '2026-06-17', '09:30', 90,  'group',   'Mixed group. Focused on volleys and net play.'),
('d0000000-0000-0000-0000-000000000009', 'a0000000-0000-0000-0000-000000000001', 'e0000000-0000-0000-0000-000000000004', '2026-06-18', '11:30', 60,  'private', 'Jake veteran session. Fitness and consistency.'),
('d0000000-0000-0000-0000-000000000010', 'a0000000-0000-0000-0000-000000000001', 'e0000000-0000-0000-0000-000000000003', '2026-06-19', '14:00', 90,  'group',   'Junior group session. Tournament prep.');

-- ─── SESSION STUDENTS ────────────────────────────────────────────────────────

INSERT INTO session_students VALUES ('d0000000-0000-0000-0000-000000000001', 'b0000000-0000-0000-0000-000000000001');
INSERT INTO session_students VALUES ('d0000000-0000-0000-0000-000000000002', 'b0000000-0000-0000-0000-000000000002');
INSERT INTO session_students VALUES ('d0000000-0000-0000-0000-000000000002', 'b0000000-0000-0000-0000-000000000003');
INSERT INTO session_students VALUES ('d0000000-0000-0000-0000-000000000002', 'b0000000-0000-0000-0000-000000000001');
INSERT INTO session_students VALUES ('d0000000-0000-0000-0000-000000000003', 'b0000000-0000-0000-0000-000000000004');
INSERT INTO session_students VALUES ('d0000000-0000-0000-0000-000000000004', 'b0000000-0000-0000-0000-000000000007');
INSERT INTO session_students VALUES ('d0000000-0000-0000-0000-000000000004', 'b0000000-0000-0000-0000-000000000006');
INSERT INTO session_students VALUES ('d0000000-0000-0000-0000-000000000005', 'b0000000-0000-0000-0000-000000000005');
INSERT INTO session_students VALUES ('d0000000-0000-0000-0000-000000000006', 'b0000000-0000-0000-0000-000000000001');
INSERT INTO session_students VALUES ('d0000000-0000-0000-0000-000000000006', 'b0000000-0000-0000-0000-000000000005');
INSERT INTO session_students VALUES ('d0000000-0000-0000-0000-000000000007', 'b0000000-0000-0000-0000-000000000002');
INSERT INTO session_students VALUES ('d0000000-0000-0000-0000-000000000008', 'b0000000-0000-0000-0000-000000000002');
INSERT INTO session_students VALUES ('d0000000-0000-0000-0000-000000000008', 'b0000000-0000-0000-0000-000000000003');
INSERT INTO session_students VALUES ('d0000000-0000-0000-0000-000000000008', 'b0000000-0000-0000-0000-000000000004');
INSERT INTO session_students VALUES ('d0000000-0000-0000-0000-000000000009', 'b0000000-0000-0000-0000-000000000008');
INSERT INTO session_students VALUES ('d0000000-0000-0000-0000-000000000010', 'b0000000-0000-0000-0000-000000000007');
INSERT INTO session_students VALUES ('d0000000-0000-0000-0000-000000000010', 'b0000000-0000-0000-0000-000000000006');

-- ─── SESSION DRILLS ──────────────────────────────────────────────────────────

INSERT INTO session_drills VALUES ('d0000000-0000-0000-0000-000000000001', 'c0000000-0000-0000-0000-000000000007');
INSERT INTO session_drills VALUES ('d0000000-0000-0000-0000-000000000001', 'c0000000-0000-0000-0000-000000000008');
INSERT INTO session_drills VALUES ('d0000000-0000-0000-0000-000000000002', 'c0000000-0000-0000-0000-000000000003');
INSERT INTO session_drills VALUES ('d0000000-0000-0000-0000-000000000002', 'c0000000-0000-0000-0000-000000000005');
INSERT INTO session_drills VALUES ('d0000000-0000-0000-0000-000000000003', 'c0000000-0000-0000-0000-000000000001');
INSERT INTO session_drills VALUES ('d0000000-0000-0000-0000-000000000003', 'c0000000-0000-0000-0000-000000000003');
INSERT INTO session_drills VALUES ('d0000000-0000-0000-0000-000000000004', 'c0000000-0000-0000-0000-000000000009');
INSERT INTO session_drills VALUES ('d0000000-0000-0000-0000-000000000004', 'c0000000-0000-0000-0000-000000000010');
INSERT INTO session_drills VALUES ('d0000000-0000-0000-0000-000000000005', 'c0000000-0000-0000-0000-000000000001');
INSERT INTO session_drills VALUES ('d0000000-0000-0000-0000-000000000005', 'c0000000-0000-0000-0000-000000000002');
INSERT INTO session_drills VALUES ('d0000000-0000-0000-0000-000000000006', 'c0000000-0000-0000-0000-000000000003');
INSERT INTO session_drills VALUES ('d0000000-0000-0000-0000-000000000006', 'c0000000-0000-0000-0000-000000000004');
INSERT INTO session_drills VALUES ('d0000000-0000-0000-0000-000000000007', 'c0000000-0000-0000-0000-000000000005');
INSERT INTO session_drills VALUES ('d0000000-0000-0000-0000-000000000007', 'c0000000-0000-0000-0000-000000000006');
INSERT INTO session_drills VALUES ('d0000000-0000-0000-0000-000000000008', 'c0000000-0000-0000-0000-000000000007');
INSERT INTO session_drills VALUES ('d0000000-0000-0000-0000-000000000008', 'c0000000-0000-0000-0000-000000000008');
INSERT INTO session_drills VALUES ('d0000000-0000-0000-0000-000000000009', 'c0000000-0000-0000-0000-000000000009');
INSERT INTO session_drills VALUES ('d0000000-0000-0000-0000-000000000009', 'c0000000-0000-0000-0000-000000000010');
INSERT INTO session_drills VALUES ('d0000000-0000-0000-0000-000000000010', 'c0000000-0000-0000-0000-000000000003');
INSERT INTO session_drills VALUES ('d0000000-0000-0000-0000-000000000010', 'c0000000-0000-0000-0000-000000000009');

-- ─── SESSION DRILL RATINGS ───────────────────────────────────────────────────

INSERT INTO session_drill_ratings (session_id, drill_id, student_id, rating, notes) VALUES
('d0000000-0000-0000-0000-000000000001', 'c0000000-0000-0000-0000-000000000007', 'b0000000-0000-0000-0000-000000000001', 8, 'Quick hands, good instincts'),
('d0000000-0000-0000-0000-000000000001', 'c0000000-0000-0000-0000-000000000008', 'b0000000-0000-0000-0000-000000000001', 7, 'Half volley placement improving'),
('d0000000-0000-0000-0000-000000000002', 'c0000000-0000-0000-0000-000000000003', 'b0000000-0000-0000-0000-000000000002', 7, 'Consistent but flat'),
('d0000000-0000-0000-0000-000000000002', 'c0000000-0000-0000-0000-000000000003', 'b0000000-0000-0000-0000-000000000003', 6, 'Good effort, needs more topspin'),
('d0000000-0000-0000-0000-000000000002', 'c0000000-0000-0000-0000-000000000003', 'b0000000-0000-0000-0000-000000000001', 9, 'Excellent cross court angles'),
('d0000000-0000-0000-0000-000000000002', 'c0000000-0000-0000-0000-000000000005', 'b0000000-0000-0000-0000-000000000002', 5, 'Backhand still needs work'),
('d0000000-0000-0000-0000-000000000002', 'c0000000-0000-0000-0000-000000000005', 'b0000000-0000-0000-0000-000000000003', 7, 'Two hander looking more solid'),
('d0000000-0000-0000-0000-000000000002', 'c0000000-0000-0000-0000-000000000005', 'b0000000-0000-0000-0000-000000000001', 8, 'Strong backhand wing'),
('d0000000-0000-0000-0000-000000000003', 'c0000000-0000-0000-0000-000000000001', 'b0000000-0000-0000-0000-000000000004', 3, 'First time serving, expected'),
('d0000000-0000-0000-0000-000000000003', 'c0000000-0000-0000-0000-000000000003', 'b0000000-0000-0000-0000-000000000004', 4, 'Getting the concept, needs reps'),
('d0000000-0000-0000-0000-000000000004', 'c0000000-0000-0000-0000-000000000009', 'b0000000-0000-0000-0000-000000000007', 8, 'Emma very quick feet'),
('d0000000-0000-0000-0000-000000000004', 'c0000000-0000-0000-0000-000000000009', 'b0000000-0000-0000-0000-000000000006', 6, 'Sam improving but loses focus'),
('d0000000-0000-0000-0000-000000000004', 'c0000000-0000-0000-0000-000000000010', 'b0000000-0000-0000-0000-000000000007', 7, 'Good court coverage'),
('d0000000-0000-0000-0000-000000000004', 'c0000000-0000-0000-0000-000000000010', 'b0000000-0000-0000-0000-000000000006', 5, 'Needs to work on split step'),
('d0000000-0000-0000-0000-000000000005', 'c0000000-0000-0000-0000-000000000001', 'b0000000-0000-0000-0000-000000000005', 9, 'Powerful flat serve, great improvement'),
('d0000000-0000-0000-0000-000000000005', 'c0000000-0000-0000-0000-000000000002', 'b0000000-0000-0000-0000-000000000005', 8, 'Toss very consistent now'),
('d0000000-0000-0000-0000-000000000006', 'c0000000-0000-0000-0000-000000000003', 'b0000000-0000-0000-0000-000000000001', 9, 'Best session yet'),
('d0000000-0000-0000-0000-000000000006', 'c0000000-0000-0000-0000-000000000003', 'b0000000-0000-0000-0000-000000000005', 8, 'Very aggressive forehand'),
('d0000000-0000-0000-0000-000000000006', 'c0000000-0000-0000-0000-000000000004', 'b0000000-0000-0000-0000-000000000001', 8, 'Inside out forehand looking great'),
('d0000000-0000-0000-0000-000000000006', 'c0000000-0000-0000-0000-000000000004', 'b0000000-0000-0000-0000-000000000005', 9, 'Dominating with inside out'),
('d0000000-0000-0000-0000-000000000007', 'c0000000-0000-0000-0000-000000000005', 'b0000000-0000-0000-0000-000000000002', 7, 'Big improvement from last time'),
('d0000000-0000-0000-0000-000000000007', 'c0000000-0000-0000-0000-000000000006', 'b0000000-0000-0000-0000-000000000002', 6, 'Slice getting better, stay lower'),
('d0000000-0000-0000-0000-000000000008', 'c0000000-0000-0000-0000-000000000007', 'b0000000-0000-0000-0000-000000000002', 6, 'Getting more comfortable at net'),
('d0000000-0000-0000-0000-000000000008', 'c0000000-0000-0000-0000-000000000007', 'b0000000-0000-0000-0000-000000000003', 7, 'Good reflexes'),
('d0000000-0000-0000-0000-000000000008', 'c0000000-0000-0000-0000-000000000007', 'b0000000-0000-0000-0000-000000000004', 4, 'Still hesitant at net'),
('d0000000-0000-0000-0000-000000000008', 'c0000000-0000-0000-0000-000000000008', 'b0000000-0000-0000-0000-000000000002', 6, 'Half volley needs more practice'),
('d0000000-0000-0000-0000-000000000008', 'c0000000-0000-0000-0000-000000000008', 'b0000000-0000-0000-0000-000000000003', 7, 'Nice touch on half volleys'),
('d0000000-0000-0000-0000-000000000008', 'c0000000-0000-0000-0000-000000000008', 'b0000000-0000-0000-0000-000000000004', 3, 'Needs to watch the ball better'),
('d0000000-0000-0000-0000-000000000009', 'c0000000-0000-0000-0000-000000000009', 'b0000000-0000-0000-0000-000000000008', 5, 'Good effort for his age'),
('d0000000-0000-0000-0000-000000000009', 'c0000000-0000-0000-0000-000000000010', 'b0000000-0000-0000-0000-000000000008', 4, 'Spider drill tough but he tried hard'),
('d0000000-0000-0000-0000-000000000010', 'c0000000-0000-0000-0000-000000000003', 'b0000000-0000-0000-0000-000000000007', 8, 'Emma tournament ready forehand'),
('d0000000-0000-0000-0000-000000000010', 'c0000000-0000-0000-0000-000000000003', 'b0000000-0000-0000-0000-000000000006', 6, 'Sam improving steadily'),
('d0000000-0000-0000-0000-000000000010', 'c0000000-0000-0000-0000-000000000009', 'b0000000-0000-0000-0000-000000000007', 9, 'Emma fastest footwork drill time yet'),
('d0000000-0000-0000-0000-000000000010', 'c0000000-0000-0000-0000-000000000009', 'b0000000-0000-0000-0000-000000000006', 7, 'Sam much better split step');


-- ─── LINK DRILLS TO COACH LIBRARY ────────────────────────────────────────────

INSERT INTO coach_drills (coach_id, drill_id) VALUES
('a0000000-0000-0000-0000-000000000001', 'c0000000-0000-0000-0000-000000000001'),
('a0000000-0000-0000-0000-000000000001', 'c0000000-0000-0000-0000-000000000002'),
('a0000000-0000-0000-0000-000000000001', 'c0000000-0000-0000-0000-000000000003'),
('a0000000-0000-0000-0000-000000000001', 'c0000000-0000-0000-0000-000000000004'),
('a0000000-0000-0000-0000-000000000001', 'c0000000-0000-0000-0000-000000000005'),
('a0000000-0000-0000-0000-000000000001', 'c0000000-0000-0000-0000-000000000006'),
('a0000000-0000-0000-0000-000000000001', 'c0000000-0000-0000-0000-000000000007'),
('a0000000-0000-0000-0000-000000000001', 'c0000000-0000-0000-0000-000000000008'),
('a0000000-0000-0000-0000-000000000001', 'c0000000-0000-0000-0000-000000000009'),
('a0000000-0000-0000-0000-000000000001', 'c0000000-0000-0000-0000-000000000010');