-- ─── DEMO COACH ──────────────────────────────────────────────────────────────

INSERT INTO users (user_id, name, email, hashed_password, role, phone, location) VALUES
(
    'a0000000-0000-0000-0000-000000000001',
    'Alex Rivera',
    'alex@greenfuzzyball.com',
    '$2b$12$Zkbob6MlOEOXWeusGg57humpXjf9u7XPQp6i3HRBeGojNGQtPNwoS',
    'coach',
    '+1 713 555 0101',
    'Houston, TX'
);

INSERT INTO coaches (user_id, notes, availability_start, availability_end, session_duration, coaching_days, notification_preferences) VALUES
(
    'a0000000-0000-0000-0000-000000000001',
    '10 years coaching experience. Specializes in juniors and competitive adults.',
    '08:00',
    '20:00',
    '[60, 90, 120]',
    '["Monday", "Tuesday", "Wednesday", "Thursday", "Friday", "Saturday"]',
    '{"session_booked": true, "session_reminder": true, "weekly_summary": false}'
);

-- ─── STUDENTS ────────────────────────────────────────────────────────────────

INSERT INTO users (user_id, name, email, phone, role) VALUES
('b0000000-0000-0000-0000-000000000001', 'Maria Chen',    'maria@email.com',  '+1 713 555 0102', 'student'),
('b0000000-0000-0000-0000-000000000002', 'Leo Park',      'leo@email.com',    '+1 713 555 0103', 'student'),
('b0000000-0000-0000-0000-000000000003', 'Ana Ruiz',      'ana@email.com',    '+1 713 555 0104', 'student'),
('b0000000-0000-0000-0000-000000000004', 'Tom Walker',    'tom@email.com',    '+1 713 555 0105', 'student'),
('b0000000-0000-0000-0000-000000000005', 'Priya Sharma',  'priya@email.com',  '+1 713 555 0106', 'student'),
('b0000000-0000-0000-0000-000000000006', 'Sam Johnson',   'sam@email.com',    NULL,              'student');

INSERT INTO students (user_id, age_group, level, notes) VALUES
('b0000000-0000-0000-0000-000000000001', 'adults',   'advanced',     'Strong serve, needs work on backhand consistency'),
('b0000000-0000-0000-0000-000000000002', 'adults',   'intermediate', 'Great footwork, working on net game'),
('b0000000-0000-0000-0000-000000000003', 'adults',   'intermediate', 'Consistent baseline player, developing volleys'),
('b0000000-0000-0000-0000-000000000004', 'adults',   'beginner',     'New to tennis, eager learner'),
('b0000000-0000-0000-0000-000000000005', 'adults',   'advanced',     'Tournament player, working on mental game'),
('b0000000-0000-0000-0000-000000000006', 'kids',     'beginner',     'Junior player, focus on fundamentals');

INSERT INTO coach_students (coach_id, student_id, started_at) VALUES
('a0000000-0000-0000-0000-000000000001', 'b0000000-0000-0000-0000-000000000001', '2026-01-15 00:00:00'),
('a0000000-0000-0000-0000-000000000001', 'b0000000-0000-0000-0000-000000000002', '2026-02-01 00:00:00'),
('a0000000-0000-0000-0000-000000000001', 'b0000000-0000-0000-0000-000000000003', '2026-02-15 00:00:00'),
('a0000000-0000-0000-0000-000000000001', 'b0000000-0000-0000-0000-000000000004', '2026-03-01 00:00:00'),
('a0000000-0000-0000-0000-000000000001', 'b0000000-0000-0000-0000-000000000005', '2026-01-01 00:00:00'),
('a0000000-0000-0000-0000-000000000001', 'b0000000-0000-0000-0000-000000000006', '2026-03-15 00:00:00');

-- ─── CUSTOM DRILLS FOR ALEX ──────────────────────────────────────────────────

INSERT INTO drills (drill_id, coach_id, name, description) VALUES
('c1000000-0000-0000-0000-000000000001', 'a0000000-0000-0000-0000-000000000001', 'Alex Serve Clinic',        'Custom 3-phase serve drill: toss, swing, follow through'),
('c1000000-0000-0000-0000-000000000002', 'a0000000-0000-0000-0000-000000000001', 'Baseline Battle',          'Sustained baseline rally, alternate cross court and down the line'),
('c1000000-0000-0000-0000-000000000003', 'a0000000-0000-0000-0000-000000000001', 'Net Rush Pattern',         'Approach shot then close the net, finish with volley or overhead');

-- ─── LINK CUSTOM DRILLS TO CATEGORIES ────────────────────────────────────────

INSERT INTO drill_drill_categories (drill_id, drill_category_id)
SELECT 'c1000000-0000-0000-0000-000000000001', drill_category_id FROM drill_categories WHERE name = 'Serve' AND coach_id IS NULL;
INSERT INTO drill_drill_categories (drill_id, drill_category_id)
SELECT 'c1000000-0000-0000-0000-000000000002', drill_category_id FROM drill_categories WHERE name = 'Baseline Rally' AND coach_id IS NULL;
INSERT INTO drill_drill_categories (drill_id, drill_category_id)
SELECT 'c1000000-0000-0000-0000-000000000003', drill_category_id FROM drill_categories WHERE name = 'Net Play' AND coach_id IS NULL;

-- ─── LINK ALL DRILLS TO ALEX LIBRARY ─────────────────────────────────────────

INSERT INTO coach_drills (coach_id, drill_id) VALUES
('a0000000-0000-0000-0000-000000000001', 'c0000000-0000-0000-0000-000000000001'),
('a0000000-0000-0000-0000-000000000001', 'c0000000-0000-0000-0000-000000000002'),
('a0000000-0000-0000-0000-000000000001', 'c0000000-0000-0000-0000-000000000003'),
('a0000000-0000-0000-0000-000000000001', 'c0000000-0000-0000-0000-000000000004'),
('a0000000-0000-0000-0000-000000000001', 'c0000000-0000-0000-0000-000000000005'),
('a0000000-0000-0000-0000-000000000001', 'c0000000-0000-0000-0000-000000000006'),
('a0000000-0000-0000-0000-000000000001', 'c0000000-0000-0000-0000-000000000007'),
('a0000000-0000-0000-0000-000000000001', 'c0000000-0000-0000-0000-000000000008'),
('a0000000-0000-0000-0000-000000000001', 'c0000000-0000-0000-0000-000000000009'),
('a0000000-0000-0000-0000-000000000001', 'c0000000-0000-0000-0000-000000000010'),
('a0000000-0000-0000-0000-000000000001', 'c1000000-0000-0000-0000-000000000001'),
('a0000000-0000-0000-0000-000000000001', 'c1000000-0000-0000-0000-000000000002'),
('a0000000-0000-0000-0000-000000000001', 'c1000000-0000-0000-0000-000000000003');

-- ─── COURTS ──────────────────────────────────────────────────────────────────

INSERT INTO coach_courts (coach_id, court_id) VALUES
('a0000000-0000-0000-0000-000000000001', 'e0000000-0000-0000-0000-000000000001'),
('a0000000-0000-0000-0000-000000000001', 'e0000000-0000-0000-0000-000000000002'),
('a0000000-0000-0000-0000-000000000001', 'e0000000-0000-0000-0000-000000000003');

-- ─── SESSIONS ────────────────────────────────────────────────────────────────

INSERT INTO sessions (session_id, coach_id, court_id, date, start_time, duration_minutes, type, notes) VALUES
('d0000000-0000-0000-0000-000000000001', 'a0000000-0000-0000-0000-000000000001', 'e0000000-0000-0000-0000-000000000001', '2026-06-03', '09:00', 60, 'private', 'Great progress on serve consistency today.'),
('d0000000-0000-0000-0000-000000000002', 'a0000000-0000-0000-0000-000000000001', 'e0000000-0000-0000-0000-000000000001', '2026-06-05', '10:00', 90, 'group',   'Group session — all working on baseline rally.'),
('d0000000-0000-0000-0000-000000000003', 'a0000000-0000-0000-0000-000000000001', 'e0000000-0000-0000-0000-000000000002', '2026-06-08', '14:00', 60, 'private', 'Leo improving net game rapidly.'),
('d0000000-0000-0000-0000-000000000004', 'a0000000-0000-0000-0000-000000000001', 'e0000000-0000-0000-0000-000000000001', '2026-06-10', '09:00', 60, 'private', 'Maria backhand much more consistent.'),
('d0000000-0000-0000-0000-000000000005', 'a0000000-0000-0000-0000-000000000001', 'e0000000-0000-0000-0000-000000000002', '2026-06-12', '11:00', 90, 'group',   'Group drill session — great energy.'),
('d0000000-0000-0000-0000-000000000006', 'a0000000-0000-0000-0000-000000000001', 'e0000000-0000-0000-0000-000000000003', '2026-06-15', '09:00', 60, 'private', 'Priya working on mental toughness between points.'),
('d0000000-0000-0000-0000-000000000007', 'a0000000-0000-0000-0000-000000000001', 'e0000000-0000-0000-0000-000000000001', '2026-06-17', '10:00', 60, 'private', 'Tom learning forehand grip and swing path.'),
('d0000000-0000-0000-0000-000000000008', 'a0000000-0000-0000-0000-000000000001', 'e0000000-0000-0000-0000-000000000002', '2026-06-20', '09:00', 90, 'group',   'Full group — match play simulation.'),
('d0000000-0000-0000-0000-000000000009', 'a0000000-0000-0000-0000-000000000001', 'e0000000-0000-0000-0000-000000000001', '2026-06-22', '14:00', 60, 'private', 'Ana volleys improving, good hands at net.'),
('d0000000-0000-0000-0000-000000000010', 'a0000000-0000-0000-0000-000000000001', 'e0000000-0000-0000-0000-000000000001', '2026-06-24', '09:00', 60, 'private', 'Maria serve toss much more consistent today.'),
-- Upcoming sessions
('d0000000-0000-0000-0000-000000000011', 'a0000000-0000-0000-0000-000000000001', 'e0000000-0000-0000-0000-000000000001', '2026-07-22', '10:00', 60, 'private', NULL),
('d0000000-0000-0000-0000-000000000012', 'a0000000-0000-0000-0000-000000000001', 'e0000000-0000-0000-0000-000000000002', '2026-07-23', '14:00', 90, 'group',   NULL),
('d0000000-0000-0000-0000-000000000013', 'a0000000-0000-0000-0000-000000000001', 'e0000000-0000-0000-0000-000000000003', '2026-07-25', '09:00', 60, 'private', NULL);

-- ─── SESSION STUDENTS ─────────────────────────────────────────────────────────

INSERT INTO session_students (session_id, student_id) VALUES
('d0000000-0000-0000-0000-000000000001', 'b0000000-0000-0000-0000-000000000001'),
('d0000000-0000-0000-0000-000000000002', 'b0000000-0000-0000-0000-000000000002'),
('d0000000-0000-0000-0000-000000000002', 'b0000000-0000-0000-0000-000000000003'),
('d0000000-0000-0000-0000-000000000002', 'b0000000-0000-0000-0000-000000000005'),
('d0000000-0000-0000-0000-000000000003', 'b0000000-0000-0000-0000-000000000002'),
('d0000000-0000-0000-0000-000000000004', 'b0000000-0000-0000-0000-000000000001'),
('d0000000-0000-0000-0000-000000000005', 'b0000000-0000-0000-0000-000000000001'),
('d0000000-0000-0000-0000-000000000005', 'b0000000-0000-0000-0000-000000000003'),
('d0000000-0000-0000-0000-000000000005', 'b0000000-0000-0000-0000-000000000004'),
('d0000000-0000-0000-0000-000000000006', 'b0000000-0000-0000-0000-000000000005'),
('d0000000-0000-0000-0000-000000000007', 'b0000000-0000-0000-0000-000000000004'),
('d0000000-0000-0000-0000-000000000008', 'b0000000-0000-0000-0000-000000000001'),
('d0000000-0000-0000-0000-000000000008', 'b0000000-0000-0000-0000-000000000002'),
('d0000000-0000-0000-0000-000000000008', 'b0000000-0000-0000-0000-000000000003'),
('d0000000-0000-0000-0000-000000000008', 'b0000000-0000-0000-0000-000000000005'),
('d0000000-0000-0000-0000-000000000009', 'b0000000-0000-0000-0000-000000000003'),
('d0000000-0000-0000-0000-000000000010', 'b0000000-0000-0000-0000-000000000001'),
-- Upcoming
('d0000000-0000-0000-0000-000000000011', 'b0000000-0000-0000-0000-000000000001'),
('d0000000-0000-0000-0000-000000000012', 'b0000000-0000-0000-0000-000000000002'),
('d0000000-0000-0000-0000-000000000012', 'b0000000-0000-0000-0000-000000000003'),
('d0000000-0000-0000-0000-000000000012', 'b0000000-0000-0000-0000-000000000005'),
('d0000000-0000-0000-0000-000000000013', 'b0000000-0000-0000-0000-000000000005');

-- ─── SESSION DRILLS ───────────────────────────────────────────────────────────

INSERT INTO session_drills (session_id, drill_id) VALUES
('d0000000-0000-0000-0000-000000000001', 'c0000000-0000-0000-0000-000000000001'),
('d0000000-0000-0000-0000-000000000001', 'c0000000-0000-0000-0000-000000000002'),
('d0000000-0000-0000-0000-000000000001', 'c1000000-0000-0000-0000-000000000001'),
('d0000000-0000-0000-0000-000000000002', 'c0000000-0000-0000-0000-000000000003'),
('d0000000-0000-0000-0000-000000000002', 'c0000000-0000-0000-0000-000000000004'),
('d0000000-0000-0000-0000-000000000002', 'c1000000-0000-0000-0000-000000000002'),
('d0000000-0000-0000-0000-000000000003', 'c0000000-0000-0000-0000-000000000007'),
('d0000000-0000-0000-0000-000000000003', 'c0000000-0000-0000-0000-000000000008'),
('d0000000-0000-0000-0000-000000000004', 'c0000000-0000-0000-0000-000000000001'),
('d0000000-0000-0000-0000-000000000004', 'c0000000-0000-0000-0000-000000000005'),
('d0000000-0000-0000-0000-000000000004', 'c0000000-0000-0000-0000-000000000006'),
('d0000000-0000-0000-0000-000000000005', 'c1000000-0000-0000-0000-000000000002'),
('d0000000-0000-0000-0000-000000000005', 'c0000000-0000-0000-0000-000000000009'),
('d0000000-0000-0000-0000-000000000005', 'c0000000-0000-0000-0000-000000000010'),
('d0000000-0000-0000-0000-000000000006', 'c0000000-0000-0000-0000-000000000001'),
('d0000000-0000-0000-0000-000000000006', 'c1000000-0000-0000-0000-000000000001'),
('d0000000-0000-0000-0000-000000000007', 'c0000000-0000-0000-0000-000000000003'),
('d0000000-0000-0000-0000-000000000007', 'c0000000-0000-0000-0000-000000000009'),
('d0000000-0000-0000-0000-000000000008', 'c1000000-0000-0000-0000-000000000003'),
('d0000000-0000-0000-0000-000000000008', 'c0000000-0000-0000-0000-000000000007'),
('d0000000-0000-0000-0000-000000000008', 'c0000000-0000-0000-0000-000000000008'),
('d0000000-0000-0000-0000-000000000009', 'c0000000-0000-0000-0000-000000000007'),
('d0000000-0000-0000-0000-000000000009', 'c0000000-0000-0000-0000-000000000008'),
('d0000000-0000-0000-0000-000000000010', 'c0000000-0000-0000-0000-000000000001'),
('d0000000-0000-0000-0000-000000000010', 'c0000000-0000-0000-0000-000000000002'),
('d0000000-0000-0000-0000-000000000010', 'c1000000-0000-0000-0000-000000000001');

-- ─── RATINGS ─────────────────────────────────────────────────────────────────

INSERT INTO session_drill_ratings (session_id, drill_id, student_id, rating, notes) VALUES
-- Session 1 - Maria
('d0000000-0000-0000-0000-000000000001', 'c0000000-0000-0000-0000-000000000001', 'b0000000-0000-0000-0000-000000000001', 8, 'Good power, toss still inconsistent'),
('d0000000-0000-0000-0000-000000000001', 'c0000000-0000-0000-0000-000000000002', 'b0000000-0000-0000-0000-000000000001', 7, 'Improving'),
('d0000000-0000-0000-0000-000000000001', 'c1000000-0000-0000-0000-000000000001', 'b0000000-0000-0000-0000-000000000001', 8, 'Great focus today'),
-- Session 2 - Group
('d0000000-0000-0000-0000-000000000002', 'c0000000-0000-0000-0000-000000000003', 'b0000000-0000-0000-0000-000000000002', 7, NULL),
('d0000000-0000-0000-0000-000000000002', 'c0000000-0000-0000-0000-000000000003', 'b0000000-0000-0000-0000-000000000003', 6, NULL),
('d0000000-0000-0000-0000-000000000002', 'c0000000-0000-0000-0000-000000000003', 'b0000000-0000-0000-0000-000000000005', 9, NULL),
('d0000000-0000-0000-0000-000000000002', 'c1000000-0000-0000-0000-000000000002', 'b0000000-0000-0000-0000-000000000002', 8, NULL),
('d0000000-0000-0000-0000-000000000002', 'c1000000-0000-0000-0000-000000000002', 'b0000000-0000-0000-0000-000000000003', 7, NULL),
('d0000000-0000-0000-0000-000000000002', 'c1000000-0000-0000-0000-000000000002', 'b0000000-0000-0000-0000-000000000005', 9, NULL),
-- Session 3 - Leo
('d0000000-0000-0000-0000-000000000003', 'c0000000-0000-0000-0000-000000000007', 'b0000000-0000-0000-0000-000000000002', 8, 'Quick hands'),
('d0000000-0000-0000-0000-000000000003', 'c0000000-0000-0000-0000-000000000008', 'b0000000-0000-0000-0000-000000000002', 7, NULL),
-- Session 4 - Maria
('d0000000-0000-0000-0000-000000000004', 'c0000000-0000-0000-0000-000000000001', 'b0000000-0000-0000-0000-000000000001', 9, 'Best serve session yet'),
('d0000000-0000-0000-0000-000000000004', 'c0000000-0000-0000-0000-000000000005', 'b0000000-0000-0000-0000-000000000001', 7, NULL),
('d0000000-0000-0000-0000-000000000004', 'c0000000-0000-0000-0000-000000000006', 'b0000000-0000-0000-0000-000000000001', 8, NULL),
-- Session 6 - Priya
('d0000000-0000-0000-0000-000000000006', 'c0000000-0000-0000-0000-000000000001', 'b0000000-0000-0000-0000-000000000005', 9, 'Excellent'),
('d0000000-0000-0000-0000-000000000006', 'c1000000-0000-0000-0000-000000000001', 'b0000000-0000-0000-0000-000000000005', 9, NULL),
-- Session 7 - Tom
('d0000000-0000-0000-0000-000000000007', 'c0000000-0000-0000-0000-000000000003', 'b0000000-0000-0000-0000-000000000004', 5, 'Still learning grip'),
('d0000000-0000-0000-0000-000000000007', 'c0000000-0000-0000-0000-000000000009', 'b0000000-0000-0000-0000-000000000004', 6, 'Good effort'),
-- Session 8 - Group
('d0000000-0000-0000-0000-000000000008', 'c1000000-0000-0000-0000-000000000003', 'b0000000-0000-0000-0000-000000000001', 8, NULL),
('d0000000-0000-0000-0000-000000000008', 'c1000000-0000-0000-0000-000000000003', 'b0000000-0000-0000-0000-000000000002', 7, NULL),
('d0000000-0000-0000-0000-000000000008', 'c1000000-0000-0000-0000-000000000003', 'b0000000-0000-0000-0000-000000000003', 7, NULL),
('d0000000-0000-0000-0000-000000000008', 'c1000000-0000-0000-0000-000000000003', 'b0000000-0000-0000-0000-000000000005', 9, NULL),
-- Session 9 - Ana
('d0000000-0000-0000-0000-000000000009', 'c0000000-0000-0000-0000-000000000007', 'b0000000-0000-0000-0000-000000000003', 7, NULL),
('d0000000-0000-0000-0000-000000000009', 'c0000000-0000-0000-0000-000000000008', 'b0000000-0000-0000-0000-000000000003', 8, 'Great touch'),
-- Session 10 - Maria
('d0000000-0000-0000-0000-000000000010', 'c0000000-0000-0000-0000-000000000001', 'b0000000-0000-0000-0000-000000000001', 9, 'Toss very consistent'),
('d0000000-0000-0000-0000-000000000010', 'c0000000-0000-0000-0000-000000000002', 'b0000000-0000-0000-0000-000000000001', 8, NULL),
('d0000000-0000-0000-0000-000000000010', 'c1000000-0000-0000-0000-000000000001', 'b0000000-0000-0000-0000-000000000001', 9, 'Best session this month');